id;name;category;sample_amount;sample_unit;calories_kcal;calories_kj;protein;carbohydrates;fats;glycemic_index;glycemic_load
"baguette-white";"Baguette (white)";"Baked products";"100";"grams";"240";"1004";"7.5";"49.0";"2.5";"95";"46.5"
"baguette-whole-grain";"Baguette (whole grain)";"Baked products";"100";"grams";"219";"916";"6.3";"38.8";"1.2";"73";"28.3"
"bagel-wheat";"Bagel (wheat)";"Baked products";"100";"grams";"257";"1075";"10.0";"50.5";"1.6";"70";"35.4"
"biscuit";"Biscuit";"Baked products";"100";"grams";"365";"1527";"6.2";"48.5";"16.5";"70";"34.0"
"biscotti-dry-cookies";"Biscotti (dry cookies)";"Baked products";"100";"grams";"358";"1498";"6.0";"50.0";"15.0";"70";"35.0"
"pancakes";"Pancakes";"Baked products";"100";"grams";"185";"774";"5.5";"25.2";"7.5";"66";"16.6"
"buckwheat-pancakes";"Buckwheat pancakes";"Baked products";"100";"grams";"215";"900";"6.0";"9.0";"25.6";"40";"3.6"
"brioche-bun";"Brioche (bun)";"Baked products";"100";"grams";"236";"987";"5.0";"47.0";"4.0";"70";"32.9"
"bagels";"Bagels";"Baked products";"100";"grams";"312";"1305";"10.4";"68.7";"1.3";"70";"48.1"
"hamburger-bun";"Hamburger bun";"Baked products";"100";"grams";"279";"1167";"9.5";"49.4";"4.3";"61";"30.1"
"waffles";"Waffles";"Baked products";"100";"grams";"433.0";"1812";"6.6";"72.4";"14.2";"75.0";"54.3"
"crackers";"Crackers";"Baked products";"100";"grams";"88.0";"368";"1.8";"12.5";"3.2";"80.0";"10.0"
"croissant";"Croissant";"Baked products";"100";"grams";"287.0";"1201";"6.3";"31.0";"14.0";"70.0";"21.7"
"flatbread";"Flatbread";"Baked products";"100";"grams";"354";"1481";"7.5";"56.0";"10.9";"69";"38.6"
"shortbread-cookies-integral-flour-sugar-free";"Shortbread Cookies (Integral Flour, Sugar Free)";"Baked products";"100";"grams";"398";"1665";"22.0";"43.0";"23.0";"40";"17.2"
"shortbread";"Shortbread";"Baked products";"100";"grams";"364";"1523";"5.5";"53.7";"14.6";"60";"32.2"
"cookies-whole-grain-flour-sugar-free";"Cookies (whole grain flour, sugar free)";"Baked products";"100";"grams";"273";"1142";"10.0";"46.8";"5.6";"50";"23.4"
"cookies-pastries";"Cookies (pastries)";"Baked products";"100";"grams";"460.0";"1925";"7.0";"66.0";"18.0";"70.0";"46.2"
"butter-cookies-flour-butter-sugar";"Butter cookies (flour, butter, sugar)";"Baked products";"100";"grams";"549";"2297";"7.0";"53.0";"18.0";"55";"29.1"
"oatmeal-cookies";"Oatmeal cookies";"Baked products";"100";"grams";"437";"1828";"6.5";"71.8";"14.4";"55";"39.5"
"multi-grain-cookies";"Multi Grain Cookies";"Baked products";"100";"grams";"429";"1795";"11.0";"65.1";"17.9";"51";"33.2"
"banana-pie";"Banana pie";"Baked products";"100";"grams";"257";"1075";"4.7";"36.4";"10.3";"47";"17.1"
"pita";"Pita";"Baked products";"100";"grams";"275";"1151";"9.0";"56.0";"1.2";"57";"31.9"
"pizza";"Pizza";"Baked products";"100";"grams";"266";"1113";"11.0";"33.0";"10.0";"60";"19.8"
"donuts";"Donuts";"Baked products";"100";"grams";"452.0";"1891";"4.9";"51.0";"25.0";"75.0";"38.3"
"bakery-products-wheat";"Bakery products (wheat)";"Baked products";"100";"grams";"201";"841";"7.7";"37.7";"1.4";"90";"33.9"
"wheat-bread";"Wheat bread";"Baked products";"100";"grams";"265.0";"1109";"9.0";"49.0";"3.2";"70.0";"34.3"
"rye-bread";"Rye bread";"Baked products";"100";"grams";"259";"1084";"9.0";"48.0";"3.3";"65";"31.2"
"rice-waffles";"Rice waffles";"Baked products";"100";"grams";"374";"1565";"8.5";"81.7";"3.3";"64";"52.3"
"rice-biscuits";"Rice biscuits";"Baked products";"100";"grams";"310.0";"1297";"6.0";"69.0";"1.0";"85.0";"58.6"
"rice-cake";"Rice cake";"Baked products";"100";"grams";"387.0";"1619";"8.0";"82.0";"2.8";"85.0";"69.7"
"straw";"Straw";"Baked products";"100";"grams";"372";"1556";"9.1";"69.3";"6.1";"60";"41.6"
"rye-crackers";"Rye crackers";"Baked products";"100";"grams";"336";"1406";"16.0";"70.0";"1.0";"64";"44.8"
"sandwich-bread-white";"Sandwich bread, white";"Baked products";"100";"grams";"285.0";"1192";"7.3";"52.5";"3.9";"75.0";"39.4"
"french-baguette-made-from-wheat-flour";"French baguette made from wheat flour";"Baked products";"100";"grams";"179.0";"749";"6.5";"33.4";"2.4";"70.0";"23.4"
"bread-oatmeal";"Bread (oatmeal)";"Baked products";"100";"grams";"226";"946";"7.1";"40.8";"3.2";"47";"19.2"
"white-bread-baguette";"White bread “baguette”";"Baked products";"100";"grams";"262.0";"1096";"7.5";"51.4";"2.9";"70.0";"36.0"
"gluten-free-white-bread";"Gluten free white bread";"Baked products";"100";"grams";"129.0";"540";"3.5";"15.6";"5.8";"90.0";"14.0"
"buckwheat-bread";"Buckwheat bread";"Baked products";"100";"grams";"228";"954";"7.1";"45.8";"2.5";"50";"22.9"
"brown-yeast-bread";"Brown yeast bread";"Baked products";"100";"grams";"250";"1046";"13.0";"40.0";"3.0";"65";"26.0"
"white-flour-bread";"White flour bread";"Baked products";"100";"grams";"242.0";"1013";"8.1";"48.8";"1.0";"90.0";"43.9"
"germinated-bread";"Germinated bread";"Baked products";"100";"grams";"204";"854";"6.8";"36.4";"3.1";"35";"12.7"
"wholemeal-bread";"Wholemeal bread";"Baked products";"100";"grams";"250";"1046";"7.0";"48.0";"1.0";"65";"31.2"
"milk-bread";"Milk bread";"Baked products";"100";"grams";"243";"1017";"7.1";"49.8";"2.1";"60";"29.9"
"pumpernickel-bread";"Pumpernickel Bread";"Baked products";"100";"grams";"250";"1046";"9.0";"48.0";"3.1";"45";"21.6"
"rice-bread";"Rice Bread";"Baked products";"100";"grams";"306.0";"1280";"6.3";"68.6";"0.7";"70.0";"48.0"
"bran-bread";"Bran bread";"Baked products";"100";"grams";"227";"950";"7.5";"45.2";"1.3";"65";"29.4"
"pumpkin-bread";"Pumpkin bread";"Baked products";"100";"grams";"211";"883";"5.5";"42.6";"2.4";"40";"17.0"
"fruit-bread";"Fruit bread";"Baked products";"100";"grams";"370";"1548";"7.6";"52.0";"7.4";"47";"24.4"
"agave-syrup";"Agave (syrup)";"Beverages";"100";"grams";"310";"1297";"0.0";"76.0";"0.5";"15";"11.4"
"pineapple-juice-unsweetened";"Pineapple Juice (unsweetened)";"Beverages";"100";"grams";"56";"234";"0.4";"13.6";"0.1";"50";"6.8"
"orange-juice-freshly-squeezed-and-sugar-free";"Orange juice (freshly squeezed and sugar free)";"Beverages";"100";"grams";"46";"192";"0.8";"10.6";"0.3";"45";"4.8"
"grape-juice-unsweetened";"Grape Juice (unsweetened)";"Beverages";"100";"grams";"60";"251";"0.0";"15.4";"0.0";"45";"6.9"
"grapefruit-juice-unsweetened";"Grapefruit juice (unsweetened)";"Beverages";"100";"grams";"28";"117";"3.0";"6.1";"0.0";"45";"2.7"
"coffee-beans";"Coffee beans";"Beverages";"100";"grams";"2";"8";"0.2";"0.3";"0.0";"50";"0.1"
"cocoa-powder-sugar-free";"Cocoa Powder (Sugar Free)";"Beverages";"100";"grams";"358";"1498";"27.6";"21.8";"11.6";"20";"4.4"
"cranberry-juice-unsweetened";"Cranberry Juice (unsweetened)";"Beverages";"100";"grams";"58";"243";"0.0";"14.5";"0.1";"50";"7.3"
"lemon-juice-unsweetened";"Lemon juice (unsweetened)";"Beverages";"100";"grams";"16";"67";"0.9";"3.0";"0.1";"20";"0.6"
"carrot-juice-unsweetened";"Carrot Juice (unsweetened)";"Beverages";"100";"grams";"28";"117";"1.1";"6.4";"0.1";"40";"2.6"
"soft-drinks-soda-cola";"Soft drinks (soda, cola)";"Beverages";"100";"grams";"38";"159";"0.1";"10.0";"0.0";"60";"6.0"
"beer";"Beer";"Beverages";"100";"grams";"43";"180";"0.5";"3.6";"0.0";"70";"2.5"
"dry-cider";"Dry cider";"Beverages";"100";"grams";"117";"490";"0.2";"28.9";"0.3";"40";"11.6"
"pineapple-juice-sugar-free";"Pineapple juice (sugar free)";"Beverages";"100";"grams";"53";"222";"0.3";"12.8";"0.1";"50";"6.4"
"grape-juice-sugar-free";"Grape juice (sugar free)";"Beverages";"100";"grams";"65";"272";"0.0";"17.0";"0.0";"55";"9.3"
"grapefruit-juice-sugar-free";"Grapefruit juice (sugar free)";"Beverages";"100";"grams";"40";"167";"0.0";"10.0";"0.0";"45";"4.5"
"pear-juice";"Pear juice";"Beverages";"100";"grams";"46";"192";"0.4";"11.0";"0.3";"50";"5.5"
"cranberry-juice-sugar-free";"Cranberry juice (sugar free)";"Beverages";"100";"grams";"58";"243";"0.0";"14.5";"0.1";"50";"7.3"
"red-beet-juice";"Red beet juice";"Beverages";"100";"grams";"42";"176";"1.0";"0.0";"9.9";"64";"0.0"
"tomato-juice";"Tomato juice";"Beverages";"100";"grams";"17";"71";"0.8";"4.2";"0.1";"35";"1.5"
"apple-juice-sugar-free";"Apple juice (sugar free)";"Beverages";"100";"grams";"47";"197";"0.11";"11.3";"0.14";"50";"5.7"
"orange-juice";"Orange juice";"Beverages";"100";"grams";"45";"188";"0.7";"10.0";"0.2";"48";"4.8"
"apple-juice";"Apple juice";"Beverages";"100";"grams";"46";"192";"0.1";"11.0";"0.1";"41";"4.5"
"sports-drinks";"Sports drinks";"Beverages";"100";"grams";"16.0";"67";"0.0";"3.9";"0.0";"75.0";"2.9"
"chicory";"Chicory";"Beverages";"100";"grams";"21";"88";"1.7";"4.1";"0.2";"15";"0.6"
"chicory-drink";"Chicory (drink)";"Beverages";"100";"grams";"11";"46";"0.1";"2.8";"0.0";"40";"1.1"
"apple-cider-brut";"Apple cider (brut)";"Beverages";"100";"grams";"33";"137";"0.0";"0.0";"26.1";"40";"0.0"
"apple-juice-unsweetened";"Apple Juice (unsweetened)";"Beverages";"100";"grams";"49";"205";"0.1";"12.2";"0.1";"40";"4.9"
"vanilla-ice-cream-regular-with-sugar";"Vanilla ice cream (regular, with sugar)";"Dairy";"100";"grams";"207";"866";"3.5";"24.0";"11.0";"60";"14.4"
"yogurt";"Yogurt";"Dairy";"100";"grams";"82";"343";"9.1";"4.7";"3.4";"35";"1.6"
"yogurt-1.5-natural";"Yogurt 1.5% natural";"Dairy";"100";"grams";"47";"197";"5.0";"1.5";"3.5";"35";"0.5"
"sweet-yogurt";"Sweet yogurt";"Dairy";"100";"grams";"71";"297";"2.8";"9.1";"2.5";"52";"4.7"
"soy-yogurt-natural";"Soy yogurt (natural)";"Dairy";"100";"grams";"64";"268";"3.7";"8.0";"2.0";"20";"1.6"
"fruit-yogurt";"Fruit yogurt";"Dairy";"100";"grams";"105";"439";"5.1";"2.8";"15.7";"52";"1.5"
"fat-free-yogurt";"Fat-free yogurt";"Dairy";"100";"grams";"56";"234";"5.7";"7.6";"0.2";"33";"2.5"
"kefir-1-fat";"Kefir (1% fat)";"Dairy";"100";"grams";"37";"155";"3.0";"4.0";"1.0";"31";"1.2"
"kefir-regular";"Kefir (regular)";"Dairy";"100";"grams";"56";"234";"2.8";"4.0";"3.2";"36";"1.4"
"kefir-low-fat";"Kefir low-fat";"Dairy";"100";"grams";"30";"126";"3.0";"0.1";"3.8";"25";"0.0"
"goat-milk";"Goat milk";"Dairy";"100";"grams";"69";"289";"3.6";"4.4";"4.1";"24";"1.1"
"almond-milk";"Almond milk";"Dairy";"100";"grams";"51";"213";"18.6";"13.0";"53.7";"30";"3.9"
"milk";"Milk";"Dairy";"100";"grams";"53";"222";"3.0";"5.0";"2.5";"31";"1.6"
"coconut-milk";"Coconut Milk";"Dairy";"100";"grams";"197";"824";"2.0";"2.8";"21.3";"40";"1.1"
"natural-milk";"Natural milk";"Dairy";"100";"grams";"60";"251";"3.1";"4.2";"4.8";"32";"1.3"
"skim-milk";"Skim milk";"Dairy";"100";"grams";"31";"130";"3.0";"0.2";"4.7";"27";"0.1"
"oat-milk-raw";"Oat milk (raw)";"Dairy";"100";"grams";"48";"201";"0.8";"5.1";"2.75";"69";"3.5"
"rice-milk";"Rice Milk";"Dairy";"100";"grams";"30.0";"126";"0.6";"6.5";"0.1";"85.0";"5.5"
"soya-milk";"Soya milk";"Dairy";"100";"grams";"54";"226";"3.3";"6.0";"1.8";"30";"1.8"
"chocolate-milk";"Chocolate milk";"Dairy";"100";"grams";"88";"368";"3.3";"10.9";"3.6";"34";"3.7"
"whole-milk";"Whole milk";"Dairy";"100";"grams";"63";"264";"3.1";"4.6";"3.6";"34";"1.6"
"ice-cream";"Ice cream";"Dairy";"100";"grams";"207";"866";"3.5";"24.0";"11.0";"62";"14.9"
"ice-cream-with-fructose";"Ice cream (with fructose)";"Dairy";"100";"grams";"391";"1636";"10.7";"27.0";"26.5";"35";"9.4"
"soya-milk-ice-cream";"Soya milk ice cream";"Dairy";"100";"grams";"180";"753";"10.9";"17.0";"7.3";"35";"6.0"
"ice-cream-skim-vanilla";"Ice cream (skim, vanilla)";"Dairy";"100";"grams";"138";"577";"4.5";"30.1";"0.0";"46";"13.8"
"skim-cheese";"Skim cheese";"Dairy";"100";"grams";"71";"297";"16.5";"1.3";"0.0";"30";"0.4"
"cream";"Cream";"Dairy";"100";"grams";"196";"820";"2.7";"3.7";"19.0";"0";"0.0"
"cream-18";"Cream (18%)";"Dairy";"100";"grams";"189";"791";"2.9";"3.8";"18.0";"33";"1.3"
"cream-30";"Cream (30%)";"Dairy";"100";"grams";"296";"1238";"2.8";"3.7";"30.0";"0";"0.0"
"cream-10";"Cream (10%)";"Dairy";"100";"grams";"118";"494";"2.8";"10.0";"3.7";"30";"3.0"
"sour-cream";"Sour cream";"Dairy";"100";"grams";"193";"808";"2.7";"3.7";"19.0";"0";"0.0"
"sour-cream-20";"Sour cream (20%)";"Dairy";"100";"grams";"204";"854";"2.8";"20.0";"3.2";"56";"11.2"
"soya-cream";"Soya cream";"Dairy";"100";"grams";"500";"2092";"3.4";"64.4";"25.5";"20";"12.9"
"cheese-mozzarella-pressed-cottage-cheese-etc";"Cheese (Mozzarella, pressed cottage cheese, etc.)";"Dairy";"100";"grams";"242";"1013";"18.8";"1.0";"18.1";"0";"0.0"
"processed-cheese";"Processed cheese";"Dairy";"100";"grams";"323";"1351";"20.0";"27.0";"3.8";"57";"15.4"
"tofu-cheese";"Tofu cheese";"Dairy";"100";"grams";"73";"305";"8.1";"4.2";"0.6";"15";"0.6"
"chees-feta";"Chees Feta";"Dairy";"100";"grams";"264";"1105";"14.0";"4.1";"21.0";"30";"1.2"
"cottage-cheese-pancakes";"Cottage cheese pancakes";"Dairy";"100";"grams";"220.0";"920";"17.4";"12.0";"10.6";"70.0";"8.4"
"cottage-cheese";"Cottage cheese";"Dairy";"100";"grams";"103";"431";"12.5";"2.7";"4.5";"30";"0.8"
"cottage-cheese-9-fat";"Cottage cheese 9% fat";"Dairy";"100";"grams";"185";"774";"14.0";"9.0";"2.0";"30";"2.7"
"low-fat-cottage-cheese";"Low-fat cottage cheese";"Dairy";"100";"grams";"88";"368";"18.0";"1.0";"1.2";"30";"0.3"
"curd";"Curd";"Dairy";"100";"grams";"340";"1423";"7.0";"23.0";"10.0";"45";"10.3"
"whole-milk-3";"Whole milk 3%";"Dairy";"100";"grams";"64";"268";"3.3";"4.6";"3.7";"27";"1.2"
"cheddar";"Cheddar";"Dairy";"100";"grams";"402";"1682";"25.0";"1.3";"33.0";"0";"0.0"
"hamburger";"Hamburger";"Fast foods";"100";"grams";"258";"1079";"30.8";"1.9";"13.7";"66";"1.3"
"instant-potatoes";"Instant potatoes";"Fast foods";"100";"grams";"373.0";"1561";"10.0";"76.0";"5.0";"87.0";"66.1"
"potato-chips";"Potato chips";"Fast foods";"100";"grams";"491.0";"2054";"7.7";"52.8";"32.4";"70.0";"37.0"
"french-fries";"French fries";"Fast foods";"100";"grams";"276.0";"1155";"3.8";"30.1";"15.5";"75.0";"22.6"
"chinese-noodles";"Chinese noodles";"Fast foods";"100";"grams";"336";"1406";"12.0";"67.0";"1.0";"35";"23.4"
"corn-chips";"Corn chips";"Fast foods";"100";"grams";"518";"2167";"6";"63";"28";"63";"28.8"
"instant-noodles";"Instant noodles";"Fast foods";"100";"grams";"448";"1874";"8.8";"56.7";"20.7";"52";"29.5"
"popcorn";"Popcorn";"Fast foods";"100";"grams";"375";"1569";"11.0";"74.0";"4.3";"55";"40.7"
"chips-corn-salted";"Chips, corn, salted";"Fast foods";"100";"grams";"497";"2079";"7.0";"61.0";"25.0";"42";"25.6"
"apricot";"Apricot";"Fruits";"100";"grams";"48";"201";"1.4";"11.1";"0.4";"34";"3.8"
"apricots-canned-in-syrup";"Apricots (canned in syrup)";"Fruits";"100";"grams";"83";"347";"0.5";"21.5";"0.1";"60";"12.9"
"quince-canned-jelly-without-sugar";"Quince (canned / jelly without sugar)";"Fruits";"100";"grams";"45";"188";"0.6";"9.6";"0.5";"40";"3.8"
"quince-canned-jelly-with-sugar";"Quince (canned / jelly with sugar)";"Fruits";"100";"grams";"50";"209";"0.6";"11.0";"0.5";"65";"7.2"
"quince-fresh-fruit";"Quince (fresh fruit)";"Fruits";"100";"grams";"40";"167";"0.6";"9.8";"0.5";"35";"3.4"
"cherry-plum";"Cherry plum";"Fruits";"100";"grams";"27";"113";"0.2";"0.0";"6.4";"25";"0.0"
"pineapple";"Pineapple";"Fruits";"100";"grams";"50";"209";"0.5";"13.1";"0.1";"66.0";"8.6"
"pineapple-canned-in-syrup";"Pineapple (canned in syrup)";"Fruits";"100";"grams";"66";"276";"0.5";"15.6";"0.1";"65";"10.1"
"orange-fresh-fruit";"Orange (fresh fruit)";"Fruits";"100";"grams";"47";"197";"0.9";"11.7";"0.1";"35";"4.1"
"watermelon";"Watermelon";"Fruits";"100";"grams";"30.0";"126";"0.6";"7.5";"0.1";"75.0";"5.6"
"acerola-barbados-cherry-fresh";"Acerola, Barbados Cherry (fresh)";"Fruits";"100";"grams";"32";"134";"0.4";"0.3";"7.7";"20";"0.1"
"banana";"Banana";"Fruits";"100";"grams";"88";"368";"1.5";"21.0";"0.5";"48";"10.1"
"dessert-banana-green";"Dessert Banana (Green)";"Fruits";"100";"grams";"137";"573";"1.5";"34.9";"0.7";"45";"15.7"
"dessert-banana-ripe";"Dessert Banana (ripe)";"Fruits";"100";"grams";"95";"397";"1.0";"21.8";"0.3";"60";"13.1"
"-platano-raw";" Platano (raw)";"Fruits";"100";"grams";"122";"510";"1.3";"32.0";"0.4";"45";"14.4"
"bananas-dried";"Bananas (Dried)";"Fruits";"100";"grams";"346";"1448";"3.9";"88.3";"1.8";"48";"42.4"
"grapes-green-raw";"Grapes, green (raw)";"Fruits";"100";"grams";"52";"218";"1.0";"12.0";"0.0";"45";"5.4"
"grapes-red-raw";"Grapes, red (raw)";"Fruits";"100";"grams";"69";"289";"0.7";"18.0";"0.2";"45";"8.1"
"grapes";"Grapes";"Fruits";"100";"grams";"69";"289";"0.7";"17.2";"0.2";"56";"9.6"
"grapes-black";"Grapes, black";"Fruits";"100";"grams";"65";"272";"1.3";"18.7";"0.3";"59";"11.0"
"cherry-sweet-fresh";"Cherry (sweet, fresh)";"Fruits";"100";"grams";"63";"264";"1.1";"16.0";"0.2";"25";"4.0"
"blueberry";"Blueberry";"Fruits";"100";"grams";"35";"146";"1.0";"8.2";"0.0";"25";"2.0"
"pomegranate-fresh";"Pomegranate (fresh)";"Fruits";"100";"grams";"83";"347";"1.7";"19.0";"0.0";"35";"6.7"
"grapefruit";"Grapefruit";"Fruits";"100";"grams";"35";"146";"0.7";"0.2";"6.5";"22";"0.0"
"canned-grapefruit";"Canned Grapefruit";"Fruits";"100";"grams";"36";"151";"0.6";"9.1";"0.1";"47";"4.3"
"pomelo-sheddock-fresh";"Pomelo, sheddock (fresh)";"Fruits";"100";"grams";"32";"134";"0.6";"8.1";"0.1";"25";"2.0"
"pear-fresh-fruit";"Pear (fresh fruit)";"Fruits";"100";"grams";"75";"314";"0.6";"15.5";"0.1";"30";"4.7"
"melon-pear-pepino";"Melon pear (pepino)";"Fruits";"100";"grams";"80";"335";"0.0";"20.0";"0.0";"40";"8.0"
"canned-pears";"Canned pears";"Fruits";"100";"grams";"65";"272";"0.2";"15.6";"0.0";"55";"8.6"
"pears-dried";"Pears (dried)";"Fruits";"100";"grams";"249";"1042";"2.3";"62.6";"0.6";"43";"26.9"
"melon";"Melon";"Fruits";"100";"grams";"34";"142";"0.8";"8.0";"0.2";"65";"5.2"
"blackberry-fresh-berry";"Blackberry (fresh berry)";"Fruits";"100";"grams";"43";"180";"1.4";"10.0";"0.5";"25";"2.5"
"yellow-gooseberry";"Yellow gooseberry";"Fruits";"100";"grams";"43";"180";"0.7";"12.0";"0.2";"15";"1.8"
"raisins";"Raisins";"Fruits";"100";"grams";"299";"1251";"3.1";"79.2";"0.5";"65";"51.5"
"raisins-red-and-gold";"Raisins (red and gold)";"Fruits";"100";"grams";"301";"1259";"2.0";"72.0";"0.5";"65";"46.8"
"fig-fresh";"Fig (fresh)";"Fruits";"100";"grams";"74";"310";"0.7";"19.2";"0.3";"35";"6.7"
"fig-dried";"Fig (dried)";"Fruits";"100";"grams";"257";"1075";"3.1";"57.9";"0.8";"50";"28.9"
"kiwi";"Kiwi";"Fruits";"100";"grams";"61";"255";"1.1";"14.7";"0.5";"50";"7.3"
"strawberries-fresh-berries";"Strawberries (fresh berries)";"Fruits";"100";"grams";"32";"134";"0.7";"7.7";"0.3";"25";"1.9"
"cranberries-fresh";"Cranberries (fresh)";"Fruits";"100";"grams";"46";"192";"0.4";"12.2";"0.1";"45";"5.5"
"dried-apricots";"Dried apricots";"Fruits";"100";"grams";"260";"1088";"3.5";"60.7";"1.4";"35";"21.2"
"lemon-fresh-fruit";"Lemon (Fresh Fruit)";"Fruits";"100";"grams";"16";"67";"0.9";"3.0";"0.1";"20";"0.6"
"lychee-fresh-fruit";"Lychee (fresh fruit)";"Fruits";"100";"grams";"66";"276";"0.8";"15.2";"0.4";"50";"7.6"
"lychee-canned-syrup";"Lychee (canned syrup)";"Fruits";"100";"grams";"76.0";"318";"0.4";"18.7";"0.5";"79.0";"14.8"
"raspberries-fresh-berries";"Raspberries (fresh berries)";"Fruits";"100";"grams";"53";"222";"1.2";"12.0";"0.7";"25";"3.0"
"mango";"Mango";"Fruits";"100";"grams";"60";"251";"0.8";"15.0";"0.4";"56";"8.4"
"mandarin";"Mandarin";"Fruits";"100";"grams";"53";"222";"0.8";"13.0";"0.3";"30";"3.9"
"tangerine-canned";"Tangerine (canned)";"Fruits";"100";"grams";"37";"155";"0.6";"8.9";"0.3";"47";"4.2"
"passion-fruit";"Passion fruit";"Fruits";"100";"grams";"97";"406";"2.2";"23.0";"0.7";"30";"6.9"
"cloudberry-fresh-berries";"Cloudberry (fresh berries)";"Fruits";"100";"grams";"31";"130";"0.8";"6.8";"0.0";"25";"1.7"
"medlar-japanese-plum";"Medlar japanese plum";"Fruits";"100";"grams";"47";"197";"0.4";"10.4";"0.2";"55";"5.7"
"nectarine-fresh-fruit";"Nectarine (fresh fruit)";"Fruits";"100";"grams";"48";"201";"0.9";"11.8";"0.2";"35";"4.1"
"sea-buckthorn";"Sea buckthorn";"Fruits";"100";"grams";"52";"218";"0.9";"2.5";"5.0";"30";"0.8"
"prickly-pear-fresh-fruit";"Prickly pear (fresh fruit)";"Fruits";"100";"grams";"41";"172";"0.7";"9.6";"0.5";"35";"3.4"
"papaya-fresh";"Papaya (fresh)";"Fruits";"100";"grams";"48";"201";"0.6";"9.2";"0.1";"60";"5.5"
"pepino-melon-pear";"Pepino, melon pear";"Fruits";"100";"grams";"80";"335";"0.0";"20.0";"0.0";"40";"8.0"
"peach-canned-in-syrup";"Peach (canned in syrup)";"Fruits";"100";"grams";"68";"285";"0.3";"14.7";"0.1";"55";"8.1"
"peach-fresh-fruit";"Peach (fresh fruit)";"Fruits";"100";"grams";"46";"192";"0.9";"11.3";"0.1";"35";"4.0"
"dried-peaches";"Dried Peaches";"Fruits";"100";"grams";"254";"1063";"3.0";"57.7";"0.4";"35";"20.2"
"platano-cooked";"Platano (cooked)";"Fruits";"100";"grams";"155.0";"649";"1.5";"39.2";"0.2";"70.0";"27.4"
"plantano-raw";"Plantano (Raw)";"Fruits";"100";"grams";"122";"510";"1.3";"30.2";"0.4";"45";"13.6"
"breadfruit";"Breadfruit";"Fruits";"100";"grams";"103";"431";"1.1";"27.0";"0.2";"65";"17.6"
"pomelo";"Pomelo";"Fruits";"100";"grams";"38";"159";"0.8";"10.0";"0.0";"30";"3.0"
"passion-fruit-granadilla-fresh";"Passion fruit, granadilla (fresh)";"Fruits";"100";"grams";"68";"285";"2.4";"13.4";"0.4";"30";"4"
"plums-fresh";"Plums (fresh)";"Fruits";"100";"grams";"46";"192";"0.7";"11.0";"0.3";"35";"3.9"
"red-currant-fresh-berry";"Red currant (fresh berry)";"Fruits";"100";"grams";"43";"180";"0.6";"7.7";"0.2";"25";"1.9"
"black-currant-fresh-berry";"Black currant (fresh berry)";"Fruits";"100";"grams";"44";"184";"1.0";"7.3";"0.4";"15";"1.1"
"dried-fruits";"Dried fruits";"Fruits";"100";"grams";"359";"1502";"1.0";"83.0";"2.7";"60";"49.8"
"tangerines-tangerines-satsuma-fresh";"Tangerines, tangerines, satsuma (fresh)";"Fruits";"100";"grams";"53";"222";"0.8";"13.0";"0.3";"30";"3.9"
"physalis";"Physalis";"Fruits";"100";"grams";"32";"134";"1.0";"3.9";"1.0";"15";"0.6"
"dates";"Dates";"Fruits";"100";"grams";"274.0";"1146";"2.5";"69.2";"0.5";"70.0";"48.4"
"dried-dates";"Dried dates";"Fruits";"100";"grams";"292";"1222";"2.5";"69.2";"0.5";"40";"27.7"
"persimmon-persimmon-eastern-fresh";"Persimmon, persimmon eastern (fresh)";"Fruits";"100";"grams";"66";"276";"0.5";"15.3";"0.3";"50";"7.7"
"sweet-cherry";"Sweet cherry";"Fruits";"100";"grams";"50";"209";"1.2";"0.4";"10.6";"25";"0.1"
"blueberries";"Blueberries";"Fruits";"100";"grams";"44";"184";"1.1";"7.6";"0.4";"53";"4.0"
"prunes";"Prunes";"Fruits";"100";"grams";"240";"1004";"2.2";"64.0";"0.4";"40";"25.6"
"dried-apples";"Dried apples";"Fruits";"100";"grams";"231";"967";"2.2";"59.0";"0.1";"35";"20.6"
"an-apple";"An Apple";"Fruits";"100";"grams";"52";"218";"0.3";"14.0";"0.2";"36";"5.0"
"applesauce-unsweetened";"Applesauce (unsweetened)";"Fruits";"100";"grams";"42";"176";"0.2";"11.3";"0.1";"35";"4.0"
"goji-berries";"Goji berries";"Fruits";"100";"grams";"309";"1293";"11.1";"53.4";"2.6";"25";"13.3"
"amaranth-analogue-of-popcorn";"Amaranth (analogue of popcorn)";"Grains";"100";"grams";"298";"1247";"9.0";"62.0";"2.0";"70";"43.4"
"amaranth-seeds-unprepared";"Amaranth seeds (unprepared)";"Grains";"100";"grams";"370";"1548";"14.0";"57.0";"6.0";"35";"19.9"
"white-corn-sweet-corn-frozen-corn";"White corn, sweet corn, frozen corn";"Grains";"100";"grams";"86";"360";"3.2";"19.0";"1.1";"55";"10.4"
"bulgur";"Bulgur";"Grains";"100";"grams";"83";"347";"3.1";"18.6";"0.2";"55";"10.2"
"durum-wheat-vermicelli";"Durum wheat vermicelli";"Grains";"100";"grams";"112";"469";"3.4";"23.1";"0.4";"35";"8.1"
"soy-vermicelli";"Soy vermicelli";"Grains";"100";"grams";"330";"1381";"0.1";"82.0";"0.1";"30";"24.6"
"buckwheat";"Buckwheat";"Grains";"100";"grams";"277";"1159";"8.0";"44.0";"8.0";"50";"22.0"
"wild-rice";"Wild rice";"Grains";"100";"grams";"357";"1494";"15.0";"75.0";"1.1";"45";"33.8"
"yellow-corn";"Yellow corn";"Grains";"100";"grams";"101";"423";"3.5";"15.6";"2.8";"65";"10.1"
"grains-sprouted";"Grains (sprouted)";"Grains";"100";"grams";"198";"828";"7.5";"41.4";"1.3";"15";"6.2"
"energy-bar-sugar-free";"Energy bar (sugar free)";"Grains";"100";"grams";"342";"1431";"8.8";"46.7";"14.9";"50";"23.4"
"cereals-whole-sugar-free";"Cereals, whole (sugar free)";"Grains";"100";"grams";"350";"1464";"18.1";"60.6";"1.5";"45";"27.3"
"kamut-egyptian-wheat-cooked";"Kamut, Egyptian Wheat (cooked)";"Grains";"100";"grams";"342";"1431";"13.9";"63.5";"2.0";"40";"25.4"
"capellini-pasta";"Capellini (pasta)";"Grains";"100";"grams";"364";"1523";"12.0";"73.0";"1.9";"45";"32.9"
"potato-flour-starch";"Potato flour (starch)";"Grains";"100";"grams";"357.0";"1494";"6.9";"83.1";"0.3";"95.0";"78.9"
"buckwheat-porridge";"Buckwheat porridge";"Grains";"100";"grams";"163";"682";"6.0";"31.0";"2.0";"40";"12.4"
"cornmeal-porridge-mamalyga";"Cornmeal porridge (mamalyga)";"Grains";"100";"grams";"92.0";"385";"2.0";"21.0";"1.0";"70.0";"14.7"
"oatmeal-porridge-crushed-oatmeal-dishes";"Oatmeal porridge (crushed), oatmeal dishes";"Grains";"100";"grams";"88";"368";"3.0";"15.0";"1.7";"60";"9.0"
"millet-porridge";"Millet porridge";"Grains";"100";"grams";"180.0";"753";"5.0";"27.0";"5.0";"70.0";"18.9"
"rice-porridge-with-milk-with-sugar";"Rice porridge with milk (with sugar)";"Grains";"100";"grams";"146.0";"611";"3.4";"18.1";"6.0";"75.0";"13.6"
"quinoa-unprepared";"Quinoa (unprepared)";"Grains";"100";"grams";"368";"1540";"14.1";"57.1";"6.0";"40";"22.8"
"quinoa-cooked";"Quinoa (cooked)";"Grains";"100";"grams";"120";"502";"4.4";"21.0";"1.9";"35";"7.3"
"corn-starch";"Corn starch";"Grains";"100";"grams";"340.0";"1423";"0.0";"85.1";"0.0";"85.0";"72.3"
"pearl-barley-steamed";"Pearl barley (steamed)";"Grains";"100";"grams";"315";"1318";"9.3";"66.9";"1.1";"60";"40.1"
"barley-groats";"Barley groats";"Grains";"100";"grams";"324";"1356";"10.0";"63.3";"1.3";"25";"15.8"
"orn-canned";"Сorn (canned)";"Grains";"100";"grams";"96";"402";"3.4";"18.6";"1.5";"48";"8.9"
"fresh-corn";"Fresh corn";"Grains";"100";"grams";"148";"619";"2.2";"5.0";"13.0";"35";"1.8"
"cornflakes";"Cornflakes";"Grains";"100";"grams";"320.0";"1339";"5.5";"65.0";"1.0";"85.0";"55.3"
"couscous";"Couscous";"Grains";"100";"grams";"152";"636";"3.3";"20.0";"6.7";"60";"12.0"
"lasagna";"Lasagna";"Grains";"100";"grams";"135";"565";"7.0";"15.0";"5.0";"47";"7.0"
"buckwheat-noodles";"Buckwheat noodles";"Grains";"100";"grams";"348";"1456";"14.7";"70.5";"0.9";"59";"41.6"
"rice-noodles";"Rice noodles";"Grains";"100";"grams";"109";"456";"0.9";"24.9";"0.2";"65";"16.2"
"udon-noodles";"Udon noodles";"Grains";"100";"grams";"76";"318";"1.9";"13.7";"1.5";"62";"8.5"
"linen";"Linen";"Grains";"100";"grams";"469";"1962";"21.8";"27.7";"39.5";"35";"9.7"
"whole-wheat-pasta";"Whole Wheat Pasta";"Grains";"100";"grams";"124";"519";"5.3";"26.5";"0.5";"40";"10.6"
"pasta";"Pasta";"Grains";"100";"grams";"158";"661";"5.8";"30.9";"0.9";"50";"15.4"
"pasta-from-durum-wheat";"Pasta (from durum wheat)";"Grains";"100";"grams";"111";"464";"3.4";"23.1";"0.4";"50";"11.6"
"buckwheat-pasta";"Buckwheat Pasta";"Grains";"100";"grams";"350";"1464";"14.1";"70.9";"1.0";"40";"28.4"
"macaroons-coconut-flour";"Macaroons, Coconut Flour";"Grains";"100";"grams";"433";"1812";"3.3";"56.6";"23.3";"32";"18.1"
"durum-wheat-semolina";"Durum wheat semolina";"Grains";"100";"grams";"333";"1393";"10.3";"70.6";"1.0";"60";"42.4"
"matzo-white-flour";"Matzo (white flour)";"Grains";"100";"grams";"395.0";"1653";"10.0";"84.0";"1.4";"70.0";"58.8"
"buckwheat-flour";"Buckwheat flour";"Grains";"100";"grams";"335";"1402";"12.6";"70.6";"3.1";"40";"28.2"
"wholemeal-flour";"Wholemeal flour";"Grains";"100";"grams";"298";"1247";"11.5";"55.8";"2.2";"60";"33.5"
"arroroot-flour";"Arroroot Flour";"Grains";"100";"grams";"357";"1494";"0.3";"84.7";"0.1";"85";"72.0"
"kamut-flour";"Kamut flour";"Grains";"100";"grams";"333";"1393";"15.6";"72.0";"1.7";"45";"32.4"
"quinoa-flour";"Quinoa flour";"Grains";"100";"grams";"368";"1540";"14.1";"57.2";"6.0";"40";"22.9"
"spelled-flour";"Spelled flour";"Grains";"100";"grams";"361";"1510";"17.0";"67.8";"2.4";"45";"30.5"
"chestnut-flour";"Chestnut flour";"Grains";"100";"grams";"365";"1527";"6.4";"71.0";"3.7";"65";"46.1"
"corn-flour";"Corn flour";"Grains";"100";"grams";"361.0";"1510";"6.9";"76.8";"3.9";"70.0";"53.8"
"chickpea-flour";"Chickpea flour";"Grains";"100";"grams";"337";"1410";"10.9";"66.0";"2.9";"35";"23.1"
"peeled-wheat-flour-whole-grain";"Peeled wheat flour (whole grain)";"Grains";"100";"grams";"334";"1397";"10.3";"68.9";"1.1";"65";"44.8"
"premium-wheat-flour";"Premium wheat flour";"Grains";"100";"grams";"334.0";"1397";"10.3";"68.9";"1.1";"85.0";"58.6"
"whole-grain-rye-flour";"Whole grain rye flour";"Grains";"100";"grams";"309";"1293";"11.3";"64.2";"1.8";"45";"28.9"
"rice-flour";"Rice flour";"Grains";"100";"grams";"366.0";"1531";"5.9";"80.1";"1.4";"95.0";"76.1"
"soya-flour";"Soya flour";"Grains";"100";"grams";"385";"1611";"36.5";"17.9";"18.6";"25";"4.5"
"muesli";"Muesli";"Grains";"100";"grams";"382";"1598";"10.6";"56.5";"11.8";"56";"31.6"
"muesli-sugar-free";"Muesli (sugar free)";"Grains";"100";"grams";"254";"1063";"6.6";"47.3";"3.2";"50";"23.6"
"muesli-with-sugar-or-honey";"Muesli (with sugar or honey)";"Grains";"100";"grams";"464";"1941";"8.2";"67.4";"16.6";"65";"43.8"
"gnocchi";"Gnocchi";"Grains";"100";"grams";"93.0";"389";"3.2";"20.0";"1.2";"70.0";"14.0"
"oats-hercules";"Oats, Hercules";"Grains";"100";"grams";"352";"1473";"12.5";"61.0";"6.2";"59";"36.0"
"instant-oats-porridge";"Instant oats porridge";"Grains";"100";"grams";"350.0";"1464";"14.0";"56.0";"7.5";"74.0";"41.4"
"oatmeal-cooked-on-the-water";"Oatmeal (cooked on the water)";"Grains";"100";"grams";"88";"368";"3.0";"15.0";"1.7";"60";"9"
"oat-flour";"Oat flour";"Grains";"100";"grams";"68";"285";"2.4";"12.0";"1.4";"25";"3.0"
"bran-wheat-oat";"Bran (wheat, oat)";"Grains";"100";"grams";"320";"1339";"18.0";"45.3";"7.7";"15";"6.8"
"wholemeal-pasta";"Wholemeal Pasta";"Grains";"100";"grams";"352";"1473";"13.9";"64.2";"2.9";"50";"32.1"
"whole-grain-pasta-made-by-al-dente";"Whole grain pasta made by al dente";"Grains";"100";"grams";"237";"992";"8.4";"36.5";"0.4";"40";"14.6"
"corn-pasta";"Corn pasta";"Grains";"100";"grams";"357";"1494";"7.5";"68.3";"2.1";"68";"46.4"
"perlovka";"Perlovka";"Grains";"100";"grams";"320";"1339";"9.3";"73.7";"1.1";"25";"18.4"
"sunflower-seeds";"Sunflower (seeds)";"Grains";"100";"grams";"584";"2443";"21.0";"20.0";"51.0";"35";"7.0"
"spelled-wheat";"Spelled wheat";"Grains";"100";"grams";"337";"1410";"14.7";"61.2";"2.2";"40";"24.5"
"millet";"Millet";"Grains";"100";"grams";"378.0";"1582";"11.0";"73.0";"4.2";"70.0";"51.1"
"whole-grain-wheat";"Whole Grain Wheat";"Grains";"100";"grams";"305";"1276";"11.8";"59.5";"2.2";"45";"26.8"
"wheat-flour-white-unenriched";"Wheat flour, white (unenriched)";"Grains";"100";"grams";"364.0";"1523";"10.3";"73.6";"1.0";"85.0";"62.6"
"wheat-flakes";"Wheat flakes";"Grains";"100";"grams";"340";"1423";"11.0";"61.0";"2.6";"45";"27.4"
"rye-flour-medium-grinding";"Rye flour (medium grinding)";"Grains";"100";"grams";"280";"1172";"9.4";"55.9";"2.3";"50";"27.9"
"rye-flakes";"Rye flakes";"Grains";"100";"grams";"343";"1435";"6.4";"82.6";"3.2";"45";"37.2"
"risotto";"Risotto";"Grains";"100";"grams";"168.0";"703";"4.5";"31.6";"3.4";"70.0";"22.1"
"flavored-rice";"Flavored Rice";"Grains";"100";"grams";"365.0";"1527";"7.0";"80.0";"0.7";"70.0";"56.0"
"basmati-rice";"Basmati Rice";"Grains";"100";"grams";"340";"1423";"9.5";"75.0";"0.2";"50";"37.5"
"unpeeled-basmati-rice";"Unpeeled Basmati Rice";"Grains";"100";"grams";"125";"523";"2.7";"36.0";"0.7";"45";"16.2"
"white-rice-standard";"White rice standard";"Grains";"100";"grams";"130";"544";"2.7";"28";"0.3";"70.0";"56.0"
"instant-rice";"Instant rice";"Grains";"100";"grams";"348.0";"1456";"7.3";"77.0";"12.0";"85.0";"65.5"
"wild-rice-black";"Wild rice (black)";"Grains";"100";"grams";"101";"423";"4.1";"21.0";"0.4";"35";"7.3"
"long-grain-rice";"Long grain rice";"Grains";"100";"grams";"365";"1527";"7.1";"78.0";"0.7";"60";"46.8"
"rice-jasmine";"Rice Jasmine";"Grains";"100";"grams";"331";"1385";"6.9";"73.4";"0.2";"60";"44.0"
"sticky-rice";"Sticky rice";"Grains";"100";"grams";"370.0";"1548";"7.0";"82.0";"0.6";"90.0";"73.8"
"brown-rice";"Brown rice";"Grains";"100";"grams";"337";"1410";"7.4";"72.9";"1.8";"50";"36.5"
"red-rice";"Red rice";"Grains";"100";"grams";"362";"1515";"10.5";"70.5";"2.5";"55";"38.8"
"rice-flakes";"Rice flakes";"Grains";"100";"grams";"360.0";"1506";"7.0";"77.0";"2.0";"80.0";"61.6"
"seeds-pumpkin";"Seeds (pumpkin)";"Grains";"100";"grams";"446";"1866";"19.0";"54.0";"19.0";"25";"13.5"
"chia-seeds-dried";"Chia Seeds (Dried)";"Grains";"100";"grams";"512";"2142";"16.5";"42.1";"30.7";"30";"12.6"
"a-mixture-of-refined-cereals-with-sugar";"A mixture of refined cereals with sugar";"Grains";"100 grams of a";"mixture";"96";"402";"2.4";"23.1";"0.4";"70";"16.2"
"sorghum";"Sorghum";"Grains";"100";"grams";"323.0";"1351";"11.8";"66.4";"3.3";"70.0";"46.5"
"spaghetti-well-cooked";"Spaghetti (well cooked)";"Grains";"100";"grams";"112";"469";"3.5";"23.2";"0.4";"55";"12.8"
"whole-grain-spaghetti";"Whole Grain Spaghetti";"Grains";"100";"grams";"124";"519";"5.3";"26.5";"0.5";"40";"10.6"
"spaghetti-al-dente";"Spaghetti al dente";"Grains";"100";"grams";"271";"1134";"9.3";"47.8";"0.7";"45";"21.5"
"spaghetti-bolognese";"Spaghetti bolognese";"Grains";"100";"grams";"191";"799";"9.5";"19.1";"8.1";"52";"9.9"
"tagliatelle-well-cooked";"Tagliatelle (well cooked)";"Grains";"100";"grams";"374";"1565";"21.7";"63.3";"2.2";"55";"34.8"
"tortilla-white-corn";"Tortilla, White Corn";"Grains";"100";"grams";"286";"1197";"7.0";"47.2";"7.7";"49";"23.1"
"fettuccine";"Fettuccine";"Grains";"100";"grams";"384";"1607";"14.1";"67.6";"4.4";"32";"21.6"
"whole-grain-rye";"Whole Grain (Rye)";"Grains";"100";"grams";"283";"1184";"9.9";"55.8";"2.2";"34";"19.0"
"yam";"Yam";"Grains";"100";"grams";"118";"494";"1.5";"28.0";"0.2";"65";"18.2"
"barley-porridge";"Barley porridge";"Grains";"100";"grams";"310";"1297";"11.5";"65.8";"2.0";"70";"46.1"
"barley-flour";"Barley flour";"Grains";"100";"grams";"284";"1188";"10.0";"56.1";"1.6";"30";"16.8"
"white-beans";"White beans";"Greens";"100";"grams";"334";"1397";"22.0";"61.0";"1.0";"35";"21.4"
"white-beans-boiled";"White beans (boiled)";"Greens";"100";"grams";"140";"586";"9.3";"25.0";"0.5";"33";"8.3"
"soybeans";"Soybeans";"Greens";"100";"grams";"446";"1866";"36.0";"30.0";"20.0";"15";"4.5"
"beans-fava-raw";"Beans, fava (raw)";"Greens";"100";"grams";"88";"368";"8.0";"18.0";"0.7";"40";"7.2"
"peas-green-fresh";"Peas (green, fresh)";"Greens";"100";"grams";"73";"305";"5.0";"12.8";"0.2";"35";"4.5"
"peas-frozen-boiled";"Peas (frozen, boiled)";"Greens";"100";"grams";"60";"251";"6.0";"9.0";"0.8";"51";"4.6"
"pea-soup";"Pea soup";"Greens";"100";"grams";"70";"293";"8.3";"6.2";"1.4";"60";"3.7"
"green-peas-canned";"Green peas (canned)";"Greens";"100";"grams";"40";"167";"3.1";"6.5";"0.2";"45";"2.9"
"green-peas";"Green peas";"Greens";"100";"grams";"69";"289";"4.0";"10.0";"0.2";"15";"1.5"
"orache";"Orache";"Greens";"100";"grams";"368";"1540";"14.1";"64.2";"6.1";"53";"34.0"
"lettuce-fresh";"Lettuce (fresh)";"Greens";"100";"grams";"14";"59";"0.9";"3.0";"0.1";"15";"0.5"
"onion-fresh";"Onion (fresh)";"Greens";"100";"grams";"47";"197";"1.4";"10.4";"0.0";"15";"1.6"
"leek";"Leek";"Greens";"100";"grams";"33";"138";"2.0";"8.2";"0.0";"15";"1.2"
"shallot";"Shallot";"Greens";"100";"grams";"72";"301";"2.5";"16.8";"0.1";"15";"2.5"
"peeled-peas-fresh";"Peeled peas (fresh)";"Greens";"100";"grams";"341";"1427";"25.0";"60.0";"1.2";"25";"15.0"
"mung-bean-mung";"Mung Bean Mung";"Greens";"100";"grams";"347";"1452";"24.0";"63.0";"1.2";"25";"15.8"
"chickpeas";"Chickpeas";"Greens";"100";"grams";"364";"1523";"19.0";"61.0";"6.0";"10";"6.1"
"chickpeas-canned";"Chickpeas (canned)";"Greens";"100";"grams";"125";"523";"7.2";"19.5";"3.4";"35";"6.8"
"plain-spotted-beans-fresh";"Plain / Spotted Beans (Fresh)";"Greens";"100";"grams";"102";"427";"7.0";"16.9";"0.5";"35";"5.9"
"motley-beans-borlotti-roman-beans";"Motley beans, borlotti, roman beans";"Greens";"100";"grams";"335";"1402";"23.0";"35.3";"1.2";"35";"12.4"
"parsley";"Parsley";"Greens";"100";"grams";"36";"151";"3.0";"6.3";"0.8";"15";"0.9"
"parsley-cooked";"Parsley (cooked)";"Greens";"100";"grams";"36";"151";"3.0";"6.3";"0.8";"52";"3.3"
"bamboo-sprouts";"Bamboo sprouts";"Greens";"100";"grams";"27";"113";"2.6";"5.0";"0.3";"20";"1.0"
"lentil-sprouts";"Lentil sprouts";"Greens";"100";"grams";"119";"498";"9.0";"22.1";"0.6";"25";"5.5"
"salad-iceberg-leaf-arugula-etc";"Salad (“iceberg”, leaf, arugula, etc.)";"Greens";"100";"grams";"25";"105";"2.6";"2.1";"0.7";"15";"0.3"
"sweet-corn";"Sweet corn";"Greens";"100";"grams";"96";"402";"3.4";"18.6";"1.5";"48";"8.9"
"boiled-sweetcorn";"Boiled sweetcorn";"Greens";"100";"grams";"123";"515";"4.1";"22.5";"2.3";"60";"13.5"
"beetroot";"Beetroot";"Greens";"100";"grams";"19";"79";"1.8";"3.7";"0.2";"15";"0.6"
"celery-boiled-without-salt";"Celery (boiled, without salt)";"Greens";"100";"grams";"27.0";"113";"1.0";"4.7";"0.2";"85.0";"3.9"
"celery-fresh";"Celery (fresh)";"Greens";"100";"grams";"12";"50";"0.9";"2.1";"0.1";"15";"0.3"
"soybean";"Soybean";"Greens";"100";"grams";"446";"1866";"36.0";"30.0";"20.0";"15";"4.5"
"asparagus";"Asparagus";"Greens";"100";"grams";"20";"84";"2.2";"3.9";"0.1";"15";"0.6"
"string-beans-fresh";"String Beans (Fresh)";"Greens";"100";"grams";"24";"100";"2.0";"3.6";"0.2";"30";"1.1"
"tempeh";"Tempeh";"Greens";"100";"grams";"193";"808";"19.0";"9.0";"11.0";"15";"1.4"
"tofu-bean-curd";"Tofu, bean curd";"Greens";"100";"grams";"73";"305";"8.1";"0.6";"4.2";"15";"0.1"
"dill-fresh";"Dill (fresh)";"Greens";"100";"grams";"38";"159";"2.5";"6.3";"0.5";"25";"1.6"
"urad-bean-steamed";"Urad bean (steamed)";"Greens";"100";"grams";"347";"1452";"24.0";"63.0";"1.2";"43";"27.1"
"falafel-from-beans-fava";"Falafel (from beans, fava)";"Greens";"100";"grams";"121";"506";"6.0";"21.0";"1.0";"40";"8.4"
"falafel-chickpea";"Falafel (chickpea)";"Greens";"100";"grams";"264";"1105";"13.9";"43.3";"4.8";"65";"28.1"
"beans-cooked";"Beans (cooked)";"Greens";"100";"grams";"123";"515";"7.8";"21.5";"0.5";"80";"17.2"
"azuki-beans";"Azuki Beans";"Greens";"100";"grams";"329";"1377";"19.9";"62.9";"0.5";"35";"22.0"
"green-beans";"Green beans";"Greens";"100";"grams";"31";"130";"1.8";"7.0";"0.1";"30";"2.1"
"red-beans";"Red beans";"Greens";"100";"grams";"310";"1297";"21.0";"52.7";"1.6";"35";"18.4"
"fennel";"Fennel";"Greens";"100";"grams";"31";"130";"1.2";"7.0";"0.2";"15";"1.1"
"hummus";"Hummus";"Greens";"100";"grams";"166";"695";"8.0";"14.0";"10.0";"25";"3.5"
"lentils-yellow";"Lentils (yellow)";"Greens";"100";"grams";"332";"1389";"22.3";"65.5";"1.0";"30";"19.6"
"lentils-green";"Lentils (green)";"Greens";"100";"grams";"300";"1255";"24.0";"50.0";"1.0";"25";"12.5"
"spinach";"Spinach";"Greens";"100";"grams";"22";"92";"2.9";"2.0";"0.3";"15";"0.3"
"sorrel";"Sorrel";"Greens";"100";"grams";"19";"79";"1.5";"0.3";"2.9";"15";"0.0"
"endive";"Endive";"Greens";"100";"grams";"17";"71";"1.3";"0.3";"0.2";"15";"0.0"
"mutton-lamb";"Mutton (Lamb)";"Meat";"100";"grams";"203";"849";"16.3";"0.0";"15.3";"0";"0.0"
"boiled-lamb";"Boiled lamb";"Meat";"100";"grams";"293";"1226";"24.6";"0.0";"21.4";"0";"0.0"
"beef-stroganoff";"Beef Stroganoff";"Meat";"100";"grams";"207";"866";"16.6";"13.1";"5.7";"56";"7.3"
"ham-sliced-sausages";"Ham, sliced, sausages";"Meat";"100";"grams";"234";"979";"10.0";"3.0";"20.0";"0";"0.0"
"beef-steak-etc";"Beef (steak, etc.)";"Meat";"100";"grams";"108";"452";"18.0";"0.0";"4.0";"0";"0.0"
"boiled-lean-beef";"Boiled lean beef";"Meat";"100";"grams";"190";"795";"25.0";"0.0";"7.0";"0";"0.0"
"boiled-beef-tongue";"Boiled beef tongue";"Meat";"100";"grams";"158";"661";"12.6";"0.8";"11.3";"0";"0.0"
"beef-brains";"Beef brains";"Meat";"100";"grams";"124";"519";"11.7";"0.0";"9.5";"0";"0.0"
"roast-beef-liver";"Roast beef liver";"Meat";"100";"grams";"199";"833";"22.9";"0.0";"3.9";"50";"0.0"
"goose";"Goose";"Meat";"100";"grams";"412";"1724";"15.2";"0.0";"39.0";"0";"0.0"
"turkey";"Turkey";"Meat";"100";"grams";"197";"824";"21.6";"0.8";"12.0";"0";"0.0"
"turkey-boiled";"Turkey (boiled)";"Meat";"100";"grams";"119";"498";"21.8";"0.0";"2.8";"0";"0.0"
"cooked-sausage";"Cooked sausage";"Meat";"100";"grams";"300";"1255";"12.0";"28.0";"3.0";"34";"9.5"
"pork-cutlets";"Pork cutlets";"Meat";"100";"grams";"262";"1096";"11.7";"19.6";"9.6";"50";"9.8"
"rabbit";"Rabbit";"Meat";"100";"grams";"199";"833";"20.7";"0.0";"12.9";"0";"0.0"
"rabbit-fried";"Rabbit (fried)";"Meat";"100";"grams";"155";"649";"25.0";"0.0";"6.0";"0";"0.0"
"boiled-chicken-breast";"Boiled chicken breast";"Meat";"100";"grams";"137";"573";"29.8";"1.8";"5.9";"0";"0.0"
"chicken";"Chicken";"Meat";"100";"grams";"165";"690";"20.8";"0.6";"8.8";"0";"0"
"chicken-fried";"Chicken (fried)";"Meat";"100";"grams";"145";"607";"20.0";"7.0";"1.0";"0";"0.0"
"kidneys-braised";"Kidneys (braised)";"Meat";"100";"grams";"156";"653";"26.1";"0.0";"3.2";"0";"0.0"
"fat";"Fat";"Meat";"100";"grams";"797";"3335";"2.4";"0.0";"89.0";"0";"0.0"
"sausages";"Sausages";"Meat";"100";"grams";"332";"1389";"10.1";"1.9";"31.6";"30";"0.6"
"fried-pork";"Fried pork";"Meat";"100";"grams";"407";"1703";"17.7";"0.0";"28.7";"0";"0.0"
"fat-pork";"Fat Pork";"Meat";"100";"grams";"489";"2046";"11.4";"0.0";"49.3";"0";"0.0"
"grilled-pork";"Grilled pork";"Meat";"100";"grams";"215";"900";"22.2";"0.0";"10.4";"0";"0.0"
"lean-pork";"Lean pork";"Meat";"100";"grams";"316";"1322";"16.4";"0.0";"27.8";"0";"0.0"
"veal";"Veal";"Meat";"100";"grams";"90";"377";"19.7";"0.0";"1.2";"0";"0.0"
"boiled-veal";"Boiled veal";"Meat";"100";"grams";"88";"368";"16.2";"0.0";"2.1";"0";"0.0"
"roast-duck";"Roast duck";"Meat";"100";"grams";"407";"1703";"23.2";"0.0";"19.5";"0";"0.0"
"duck";"Duck";"Meat";"100";"grams";"346";"1448";"16.5";"0.0";"61.2";"0";"0.0"
"foie-gras-goose-liver-paste-canned";"Foie gras, goose liver paste (canned)";"Meat";"100";"grams";"412";"1724";"15.2";"0.0";"39.0";"0";"0.0"
"chickens";"Chickens";"Meat";"100";"grams";"156";"653";"18.7";"0.4";"7.8";"0";"0.0"
"mushrooms";"Mushrooms";"Mushrooms";"100";"grams";"26";"109";"2.5";"5.1";"0.2";"15";"0.8"
"mushrooms-cooked";"Mushrooms (cooked)";"Mushrooms";"100";"grams";"28";"117";"2.2";"5.3";"0.5";"36";"1.9"
"peanut";"Peanut";"Nuts";"100";"grams";"567";"2372";"25.8";"16.1";"49.2";"15";"2.4"
"peanuts-dry-roasted";"Peanuts (Dry Roasted)";"Nuts";"100";"grams";"599";"2506";"28.0";"15.3";"52.5";"15";"2.3"
"white-almond-paste-puree-without-sweeteners";"White almond paste / puree (without sweeteners)";"Nuts";"100";"grams";"458";"1916";"9.0";"47.8";"27.7";"35";"16.7"
"walnuts";"Walnuts";"Nuts";"100";"grams";"654";"2736";"15.2";"7.0";"65.2";"15";"1.1"
"acorns";"Acorns";"Nuts";"100";"grams";"387";"1619";"6.0";"41.0";"24.0";"25";"10.3"
"chestnut";"Chestnut";"Nuts";"100";"grams";"196";"820";"1.6";"44.2";"1.2";"60";"26.5"
"pine-nuts";"Pine nuts";"Nuts";"100";"grams";"670";"2803";"12.0";"19.0";"61.0";"15";"2.9"
"cashew-nuts";"Cashew nuts";"Nuts";"100";"grams";"643";"2690";"25.5";"12.6";"53.6";"25";"3.1"
"cashew-nuts-salted";"Cashew nuts (salted)";"Nuts";"100";"grams";"570";"2385";"17.0";"30.0";"42.0";"22";"6.6"
"coconut";"Coconut";"Nuts";"100";"grams";"97";"406";"1.5";"1.7";"9.3";"45";"0.8"
"hazelnuts";"Hazelnuts";"Nuts";"100";"grams";"704";"2946";"16.1";"9.9";"66.9";"25";"2.5"
"almond";"Almond";"Nuts";"100";"grams";"609";"2548";"18.6";"13.0";"53.7";"15";"1.9"
"walnut";"Walnut";"Nuts";"100";"grams";"654";"2736";"15.0";"14.0";"65.0";"15";"2.1"
"hazelnut";"Hazelnut";"Nuts";"100";"grams";"628";"2628";"15.0";"17.0";"61.0";"15";"2.5"
"cashew-nuts";"Cashew nuts";"Nuts";"100";"grams";"643";"2690";"25.5";"12.6";"53.6";"25";"3.1"
"nuts-mix-with-raisins";"Nuts (mix with raisins)";"Nuts";"100";"grams";"483";"2021";"11.2";"46.6";"27.9";"21";"9.8"
"tamarind-sweet";"Tamarind (sweet)";"Nuts";"100";"grams";"239";"1000";"2.8";"62.7";"0.6";"65";"40.8"
"pistachios";"Pistachios";"Nuts";"100";"grams";"562";"2351";"20.0";"28.0";"45.0";"15";"4.2"
"peanut-oil-sugar-free";"Peanut Oil (Sugar Free)";"Oils and sauces";"100";"grams";"589";"2464";"24.1";"21.6";"49.9";"40";"8.6"
"goose-fat";"Goose fat";"Oils and sauces";"100";"grams";"900";"3766";"0.0";"0.0";"99.8";"0";"0.0"
"fat-animal-vegetable";"Fat (animal / vegetable)";"Oils and sauces";"100";"grams";"884";"3699";"0.0";"0.0";"100.0";"0";"0.0"
"coconut-milk-raw";"Coconut milk (raw)";"Oils and sauces";"100";"grams";"197";"824";"2.0";"2.8";"21.3";"40";"1.1"
"mayonnaise-homemade";"Mayonnaise (homemade)";"Oils and sauces";"100";"grams";"430";"1799";"0.5";"4.0";"46.0";"0";"0.0"
"mayonnaise-sweetened";"Mayonnaise (sweetened)";"Oils and sauces";"100";"grams";"695";"2908";"0.0";"0.3";"78.6";"60";"0.2"
"margarine";"Margarine";"Oils and sauces";"100";"grams";"717";"3000";"0.2";"0.7";"81.0";"0";"0.0"
"butter";"Butter";"Oils and sauces";"100";"grams";"717";"3000";"0.2";"0.7";"81.0";"0";"0.0"
"almond-oil";"Almond oil";"Oils and sauces";"100";"grams";"816";"3414";"0.0";"0.0";"90.7";"25";"0.0"
"olive-oil";"Olive oil";"Oils and sauces";"100";"grams";"884";"3699";"0.0";"0.0";"100.0";"0";"0.0"
"pesto-sauce";"Pesto (sauce)";"Oils and sauces";"100";"grams";"454";"1900";"5.0";"6.0";"45.0";"15";"0.9"
"vegetable-fat";"Vegetable fat";"Oils and sauces";"100";"grams";"884";"3699";"0.0";"0.0";"100.0";"0";"0.0"
"butter-high-fat";"Butter (high fat)";"Oils and sauces";"100";"grams";"746";"3121";"0.5";"0.8";"82.0";"14";"0.1"
"soy-sauce";"Soy sauce";"Oils and sauces";"100";"grams";"53";"222";"8.0";"4.9";"0.6";"20";"1.0"
"mashed-tomato";"Mashed Tomato";"Oils and sauces";"100";"grams";"38";"159";"1.7";"9.0";"0.2";"35";"3.1"
"tomato-sauce-natural-sugar-free";"Tomato sauce (natural, sugar free)";"Oils and sauces";"100";"grams";"21";"88";"1.1";"3.8";"0.2";"35";"1.3"
"red-caviar";"Red caviar";"Seafood";"100";"grams";"263";"1100";"32.0";"0.0";"15.0";"0";"0.0"
"seafood-oysters-shrimp-mussels-etc";"Seafood (oysters, shrimp, mussels, etc.)";"Seafood";"100";"grams";"204";"854";"29.0";"1.9";"8.0";"0";"0.0"
"crustaceans-lobster-crab-spiny-lobster";"Crustaceans (lobster, crab, spiny lobster)";"Seafood";"100";"grams";"97";"406";"20.3";"1.0";"1.3";"5";"0.1"
"fish-salmon-tuna-etc";"Fish (salmon, tuna, etc.)";"Seafood";"100";"grams";"208";"870";"20.0";"0.0";"13.0";"0";"0.0"
"surimi-minced-fish-in-crab-sticks";"Surimi (minced fish in crab sticks)";"Seafood";"100";"grams";"99";"414";"15.2";"6.8";"0.9";"50";"3.4"
"vegetable-soup";"Vegetable soup";"Soups";"100";"grams";"43";"180";"1.7";"6.2";"1.8";"40";"2.5"
"lentil-soup-puree";"Lentil soup puree";"Soups";"100";"grams";"108";"452";"7.6";"15.0";"2.0";"44";"6.6"
"soup-with-chicken-and-mushrooms";"Soup with chicken and mushrooms";"Soups";"100";"grams";"27";"111";"3.7";"1.5";"0.7";"46";"0.7"
"tomato-soup";"Tomato soup";"Soups";"100";"grams";"30";"126";"0.8";"7.0";"0.3";"38";"2.7"
"lentil-soup";"Lentil soup";"Soups";"100";"grams";"56";"234";"3.7";"8.0";"1.1";"30";"2.4"
"basil";"Basil";"Spices";"100";"grams";"22";"92";"3.2";"2.7";"0.6";"5";"0.1"
"balsamic-vinegar";"Balsamic vinegar";"Spices";"100";"grams";"237";"992";"1.5";"55.0";"0.0";"5";"2.8"
"vanilla";"Vanilla";"Spices";"100";"grams";"260";"1088";"0.0";"65.0";"0.0";"5";"3.3"
"mustard-with-sugar";"Mustard (with sugar)";"Spices";"100";"grams";"90";"377";"7.4";"10.8";"2.0";"55";"5.9"
"dijon-mustard";"Dijon mustard";"Spices";"100";"grams";"165";"690";"9.6";"9.5";"9.7";"35";"3.3"
"ginger";"Ginger";"Spices";"100";"grams";"17";"71";"0.0";"3.7";"0.0";"15";"0.6"
"ketchup";"Ketchup";"Spices";"100";"grams";"98";"410";"1.8";"25.5";"0.3";"55";"14.0"
"hemp-seed-peeled";"Hemp seed (peeled)";"Spices";"100";"grams";"553";"2314";"31.5";"8.7";"48.7";"4";"0.3"
"cinnamon";"Cinnamon";"Spices";"100";"grams";"261";"1092";"4.0";"57.0";"2.0";"5";"2.9"
"sesame";"Sesame";"Spices";"100";"grams";"573";"2397";"18.0";"23.0";"50.0";"35";"8.1"
"sesame-paste-tahini";"Sesame paste, tahini";"Spices";"100";"grams";"575";"2406";"19.4";"12.2";"48.7";"40";"4.9"
"sesame-seed";"Sesame seed";"Spices";"100";"grams";"565";"2364";"19.4";"12.2";"48.7";"35";"4.3"
"carob-carob-powder";"Carob (carob powder)";"Spices";"100";"grams";"212";"887";"4.4";"78.0";"1.0";"15";"11.7"
"lotus-root-powder";"Lotus (root powder)";"Spices";"100";"grams";"74";"310";"2.6";"12.3";"0.1";"33";"4.1"
"flaxseed";"Flaxseed";"Spices";"100";"grams";"534";"2234";"18.3";"1.6";"42.2";"35";"0.6"
"lupine";"Lupine";"Spices";"100";"grams";"371";"1552";"36.2";"40.4";"9.7";"15";"6.1"
"poppy-seed";"Poppy seed";"Spices";"100";"grams";"525";"2197";"18.0";"28.0";"42.0";"35";"9.8"
"cassava-bitter-sweet";"Cassava (bitter, sweet)";"Spices";"100";"grams";"159";"665";"1.4";"38.0";"0.3";"55";"20.9"
"oregano";"Oregano";"Spices";"100";"grams";"333";"1393";"11.3";"64.7";"10.0";"5";"3.2"
"spices-cinnamon";"Spices (cinnamon)";"Spices";"100";"grams";"247";"1033";"4.0";"81.0";"1.2";"5";"4.0"
"caraway";"Caraway";"Spices";"100";"grams";"333";"1393";"19.8";"11.9";"14.6";"5";"0.6"
"vinegar";"Vinegar";"Spices";"100";"grams";"18";"75";"0.0";"0.0";"0.0";"15";"0.0"
"horseradish";"Horseradish";"Spices";"100";"grams";"56";"234";"3.2";"10.5";"0.4";"10";"1.1"
"garlic";"Garlic";"Spices";"100";"grams";"143";"598";"6.5";"29.9";"0.5";"30";"9.0"
"peanut-butter-sugar-free";"Peanut Butter (Sugar Free)";"Sweets";"100";"grams";"567";"2372";"26.0";"28.0";"49.0";"25";"7.0"
"muesli-bar-gluten-free";"Muesli Bar, Gluten Free";"Sweets";"100";"grams";"285";"1192";"2.9";"74.3";"0.0";"50";"37.1"
"white-chocolate";"White chocolate";"Sweets";"100";"grams";"539";"2255";"5.9";"59.2";"31.1";"44";"26.0"
"glucose";"Glucose";"Sweets";"100";"grams";"385.0";"1611";"0.1";"98.0";"0.1";"96.0";"94.1"
"glucose-dextrose";"Glucose (Dextrose)";"Sweets";"100";"grams";"380.0";"1590";"0.0";"95.0";"0.0";"100.0";"95.0"
"jam";"Jam";"Sweets";"100";"grams";"376";"1573";"0.5";"93.1";"0.1";"51";"47.5"
"maple-syrup";"Maple syrup";"Sweets";"100";"grams";"261";"1092";"0.0";"67.1";"0.2";"55";"36.9"
"strawberry-jam-high-sugar";"Strawberry Jam (High Sugar)";"Sweets";"100";"grams";"280";"1172";"0.0";"70.0";"0.0";"65";"45.5"
"strawberry-jam-low-sugar";"Strawberry Jam (Low Sugar)";"Sweets";"100";"grams";"246";"1029";"0.0";"61.0";"0.0";"51";"31.1"
"coconut-sugar";"Coconut Sugar";"Sweets";"100";"grams";"19";"79";"0.0";"5.0";"0.0";"35";"1.8"
"chocolate-candy-with-sweeteners";"Chocolate candy with sweeteners";"Sweets";"100";"grams";"547";"2289";"6.9";"35.7";"52.4";"23";"8.2"
"corn-syrup-dark";"Corn Syrup (Dark)";"Sweets";"100";"grams";"286.0";"1197";"0.0";"77.6";"0.0";"115.0";"89.2"
"marmalade-sugar-free";"Marmalade (sugar free)";"Sweets";"100";"grams";"284";"1188";"0.3";"73.9";"0.1";"30";"22.2"
"marmalade-with-sugar";"Marmalade with sugar";"Sweets";"100";"grams";"293";"1226";"0.4";"76.6";"0.0";"65";"49.8"
"honey";"Honey";"Sweets";"100";"grams";"309";"1293";"1.4";"76.4";"0.2";"60";"45.8"
"molasses";"Molasses";"Sweets";"100";"grams";"290.0";"1213";"0.0";"75.0";"0.1";"70.0";"52.5"
"almond-paste-sugar-free";"Almond paste (sugar free)";"Sweets";"100";"grams";"458";"1916";"9.0";"43.0";"27.7";"35";"15.1"
"condensed-milk-with-sugar";"Condensed milk with sugar";"Sweets";"100";"grams";"329.0";"1377";"7.2";"8.5";"56.0";"80.0";"6.8"
"milk-chocolate";"Milk chocolate";"Sweets";"100";"grams";"535";"2238";"8.0";"59.0";"30.0";"49";"28.9"
"syrup";"Syrup";"Sweets";"100";"grams";"296.0";"1238";"0.0";"78.3";"0.3";"70.0";"54.8"
"chocolate-bar-with-sugar";"Chocolate bar (with sugar)";"Sweets";"100";"grams";"550.0";"2301";"6.9";"54.4";"35.7";"70.0";"38.1"
"air-rice-analogue-of-popcorn";"Air rice (analogue of popcorn)";"Sweets";"100";"grams";"402";"1682";"6.3";"89.8";"0.5";"85";"76.3"
"sugar";"Sugar";"Sweets";"100";"grams";"387.0";"1619";"0.0";"100.0";"0.0";"100.0";"100.6"
"brown-sugar";"Brown sugar";"Sweets";"100";"grams";"380.0";"1590";"0.1";"98.0";"0.0";"70.0";"68.6"
"condensed-milk";"Condensed milk";"Sweets";"100";"grams";"321";"1343";"8.0";"54.0";"9.0";"61";"32.9"
"glucose-syrup";"Glucose syrup";"Sweets";"100";"grams";"285.0";"1192";"0.2";"70.5";"0.0";"100.0";"70.5"
"corn-syrup";"Corn syrup";"Sweets";"100";"grams";"286";"1197";"0.0";"78.0";"0.0";"15";"11.7"
"wheat-syrup";"Wheat syrup";"Sweets";"100";"grams";"315.0";"1318";"0.1";"78.0";"0.3";"100.0";"78.0"
"rice-syrup";"Rice Syrup";"Sweets";"100";"grams";"311.0";"1301";"0.5";"77.0";"0.2";"100.0";"77.0"
"chicory-syrup";"Chicory Syrup";"Sweets";"100";"grams";"167";"699";"0.0";"9.5";"0.0";"55";"5.2"
"sorbet-sugar-free";"Sorbet (sugar free)";"Sweets";"100";"grams";"50";"209";"0.0";"12.0";"0.0";"40";"4.8"
"sorbet-with-sugar";"Sorbet (with sugar)";"Sweets";"100";"grams";"158";"661";"1.0";"27.6";"4.8";"65";"17.9"
"stevia";"Stevia";"Sweets";"100";"grams";"18";"75";"0.0";"0.1";"0.0";"0";"0.0"
"fruit-bar-strawberry";"Fruit Bar (strawberry)";"Sweets";"100";"grams";"418.0";"1749";"4.0";"67.5";"14.5";"90.0";"60.8"
"fructose";"Fructose";"Sweets";"100";"grams";"399";"1669";"0.0";"99.8";"0.0";"20";"20.0"
"dark-chocolate-with-85-cocoa-content";"Dark Chocolate (with 85% Cocoa Content)";"Sweets";"100";"grams";"539";"2255";"6.2";"48.2";"34.4";"20";"9.6"
"sorbet";"Sorbet";"Sweets";"100";"grams";"386";"1615";"4.9";"80.7";"4.8";"65";"52.5"
"chocolate";"Chocolate";"Sweets";"100";"grams";"546";"2284";"4.9";"61.0";"31.0";"49";"29.9"
"chocolate-70-cocoa";"Chocolate (+ 70% cocoa)";"Sweets";"100";"grams";"549";"2297";"9.1";"36.0";"39.0";"25";"9.0"
"dark-chocolate";"Dark chocolate";"Sweets";"100";"grams";"546";"2284";"4.9";"60.0";"30.2";"23";"13.8"
"chocolate-powder-with-sugar";"Chocolate powder with sugar";"Sweets";"100";"grams";"374";"1565";"24.2";"31.9";"17.5";"60";"19.1"
"sherbet";"Sherbet";"Sweets";"100";"grams";"368";"1540";"5.7";"55.2";"13.9";"50";"27.6"
"avocado";"Avocado";"Vegetables";"100";"grams";"160";"669";"2.0";"9.0";"15.0";"10";"0.9"
"artichoke";"Artichoke";"Vegetables";"100";"grams";"28";"117";"1.2";"6.0";"0.1";"20";"1.2"
"eggplant";"Eggplant";"Vegetables";"100";"grams";"35";"146";"0.8";"8.7";"0.2";"20";"1.7"
"eggplant-caviar";"Eggplant Caviar";"Vegetables";"100";"grams";"146";"611";"1.7";"13.3";"5.1";"40";"5.3"
"sweet-potato-batata-yam";"Sweet potato (batata, yam)";"Vegetables";"100";"grams";"77.0";"322";"1.4";"15.8";"0.4";"70.0";"11.1"
"broccoli";"Broccoli";"Vegetables";"100";"grams";"35";"146";"3.5";"3.1";"0.4";"15";"0.5"
"broccoli-cooked";"Broccoli (cooked)";"Vegetables";"100";"grams";"45";"188";"3.0";"7.0";"1.0";"45";"3.1"
"rutabaga-fodder-beets";"Rutabaga, fodder beets";"Vegetables";"100";"grams";"39.0";"163";"1.3";"8.7";"0.2";"70.0";"6.1"
"brussels-sprouts-fresh";"Brussels sprouts (fresh)";"Vegetables";"100";"grams";"36";"151";"2.5";"7.1";"0.5";"15";"1.1"
"boiled-potatoes";"Boiled potatoes";"Vegetables";"100";"grams";"80";"335";"1.8";"17.5";"0.1";"70";"12.3"
"baked-potato";"Baked potato";"Vegetables";"100";"grams";"93";"389";"2.5";"21.1";"0.1";"95";"20.0"
"squash-caviar";"Squash caviar";"Vegetables";"100";"grams";"83.0";"347";"1.3";"4.8";"8.1";"75.0";"3.6"
"squash";"Squash";"Vegetables";"100";"grams";"24";"100";"0.6";"4.6";"0.3";"15";"0.7"
"capers";"Capers";"Vegetables";"100";"grams";"30";"126";"2.1";"4.2";"0.5";"20";"0.8"
"white-cabbage";"White cabbage";"Vegetables";"100";"grams";"24";"100";"1.2";"5.8";"0.1";"15";"0.9"
"brussels-sprouts";"Brussels sprouts";"Vegetables";"100";"grams";"46";"192";"3.6";"2.3";"2.4";"15";"0.3"
"sauerkraut";"Sauerkraut";"Vegetables";"100";"grams";"29";"121";"1.7";"5.0";"0.1";"15";"0.8"
"cauliflower";"Cauliflower";"Vegetables";"100";"grams";"25";"105";"2.0";"5.3";"0.1";"15";"0.8"
"fried-potato";"Fried potato";"Vegetables";"100";"grams";"149.0";"623";"2.8";"20.1";"7.0";"95.0";"19.1"
"mashed-potatoes";"Mashed potatoes";"Vegetables";"100";"grams";"72.0";"301";"1.7";"13.7";"1.2";"83.0";"11.4"
"kohlrabi";"Kohlrabi";"Vegetables";"100";"grams";"42";"176";"2.8";"10.6";"0.0";"20";"2.1"
"pickled-cucumber";"Pickled Cucumber";"Vegetables";"100";"grams";"18";"75";"0.0";"4.6";"0.0";"15";"0.7"
"black-olives";"Black olives";"Vegetables";"100";"grams";"361";"1510";"2.2";"32.0";"8.7";"15";"4.8"
"carrot-cooked";"Carrot (cooked)";"Vegetables";"100";"grams";"25.0";"105";"0.8";"5.0";"0.3";"85.0";"4.25"
"carrot-fresh";"Carrot (fresh)";"Vegetables";"100";"grams";"41";"172";"0.9";"6.8";"0.2";"30";"2.0"
"canned-vegetables-factory";"Canned vegetables (factory)";"Vegetables";"100";"grams";"77";"322";"3.2";"5.2";"2.8";"65";"3.4"
"cucumber";"Cucumber";"Vegetables";"100";"grams";"15";"63";"0.8";"2.8";"0.1";"15";"0.4"
"dill-pickles";"Dill pickles";"Vegetables";"100";"grams";"16";"67";"2.8";"1.3";"0.0";"15";"0.2"
"olives";"Olives";"Vegetables";"100";"grams";"115";"481";"0.8";"6.3";"10.7";"15";"0.9"
"parsnip";"Parsnip";"Vegetables";"100";"grams";"75.0";"314";"1.2";"18.0";"0.3";"85.0";"15.3"
"chinese-cabbage";"Chinese cabbage";"Vegetables";"100";"grams";"12";"50";"1.1";"2.2";"0.2";"20";"0.4"
"sweet-pepper";"Sweet pepper";"Vegetables";"100";"grams";"27";"113";"1.3";"5.3";"0.0";"15";"0.8"
"chilli";"Chilli";"Vegetables";"100";"grams";"40";"167";"2.0";"9.5";"0.2";"15";"1.4"
"chilli-green-fresh";"Chilli Green (Fresh)";"Vegetables";"100";"grams";"40";"167";"2.0";"8.0";"0.2";"15";"1.2"
"tomatoes-fresh";"Tomatoes (fresh)";"Vegetables";"100";"grams";"24";"100";"1.1";"3.8";"0.2";"30";"1.1"
"ratatouille";"Ratatouille";"Vegetables";"100";"grams";"38";"158";"0.9";"5.0";"1.6";"20";"1.0"
"rhubarb";"Rhubarb";"Vegetables";"100";"grams";"13";"54";"0.7";"2.5";"0.1";"15";"0.4"
"radish";"Radish";"Vegetables";"100";"grams";"20";"84";"1.2";"3.4";"0.1";"15";"0.5"
"turnip-cooked-boiled";"Turnip (cooked, boiled)";"Vegetables";"100";"grams";"26.0";"109";"1.7";"4.6";"0.2";"85.0";"3.9"
"turnip-raw";"Turnip (raw)";"Vegetables";"100";"grams";"30";"126";"1.5";"6.2";"0.1";"30";"1.9"
"beets-boiled";"Beets (Boiled)";"Vegetables";"100";"grams";"49";"205";"1.8";"10.8";"0.0";"65";"7.0"
"beetroot-fresh";"Beetroot (fresh)";"Vegetables";"100";"grams";"43";"180";"1.5";"8.8";"0.1";"30";"2.6"
"scorzonera-kozelec";"Scorzonera (Kozelec)";"Vegetables";"100";"grams";"17";"71";"1.0";"1.0";"1.0";"30";"0.3"
"sweet-pepper-red-green-paprika";"Sweet pepper (red, green), paprika";"Vegetables";"100";"grams";"33";"138";"1.3";"6.9";"0.0";"15";"1.0"
"salted-cucumbers";"Salted cucumbers";"Vegetables";"100";"grams";"11";"46";"0.3";"2.3";"0.2";"15";"0.3"
"tomatoes";"Tomatoes";"Vegetables";"100";"grams";"24";"100";"1.1";"3.8";"0.2";"30";"1.1"
"tomatoes-dried";"Tomatoes (dried)";"Vegetables";"100";"grams";"170";"711";"6.3";"29.0";"4.3";"35";"10.2"
"jerusalem-artichoke-fresh";"Jerusalem artichoke (fresh)";"Vegetables";"100";"grams";"61";"255";"2.1";"12.8";"0.1";"50";"6.4"
"turnip-turnip-fresh";"Turnip, turnip (fresh)";"Vegetables";"100";"grams";"28";"117";"1.0";"6.0";"0.0";"30";"1.8"
"pumpkin";"Pumpkin";"Vegetables";"100";"grams";"26";"109";"1.0";"7.0";"0.1";"65";"4.5"
"pumpkin-boiled";"Pumpkin (boiled)";"Vegetables";"100";"grams";"26.0";"109";"1.0";"7.0";"0.1";"75.0";"5.3"
"cauliflower-fresh";"Cauliflower (fresh)";"Vegetables";"100";"grams";"30";"126";"2.5";"5.4";"0.3";"15";"0.8"
"braised-cauliflower";"Braised Cauliflower";"Vegetables";"100";"grams";"29";"121";"1.8";"0.3";"4.0";"15";"0.0"
"zucchini";"Zucchini";"Vegetables";"100";"grams";"17";"71";"1.2";"3.1";"0.3";"15";"0.5"
"chayote-mexican-cucumber-mashed-from-it";"Chayote (Mexican cucumber), mashed from it";"Vegetables";"100";"grams";"19";"79";"0.8";"4.5";"0.1";"50";"2.3"
"yeast";"Yeast";"Other";"100";"grams";"105";"439";"8.0";"18.0";"1.9";"35";"6.3"
"brewers-yeast";"Brewer’s yeast";"Other";"100";"grams";"75";"314";"12.7";"0.0";"2.7";"35";"0.0"
"maltodextrin";"Maltodextrin";"Other";"100";"grams";"380.0";"1590";"0.0";"99.0";"0.0";"95.0";"94.0"
"palm-pulp";"Palm pulp";"Other";"100";"grams";"354";"1481";"3.4";"6.2";"33.5";"20";"1.2"
"omelette";"Omelette";"Other";"100";"grams";"210";"879";"14.0";"15.0";"2.1";"49";"7.3"
"dumplings";"Dumplings";"Other";"100";"grams";"275.0";"1151";"11.9";"29.0";"12.4";"86.0";"24.9"
"ravioli-from-soft-wheat";"Ravioli (from soft wheat)";"Other";"100";"grams";"245.0";"1025";"15.5";"29.7";"8.0";"70.0";"20.8"
"ravioli-from-durum-wheat";"Ravioli (from durum wheat)";"Other";"100";"grams";"255";"1067";"15.0";"29.0";"8.0";"40";"11.6"
"sushi";"Sushi";"Other";"100";"grams";"158";"661";"4.3";"21.1";"4.9";"55";"11.6"
"sushi-salmon";"Sushi, salmon";"Other";"100";"grams";"129";"540";"9.2";"15.2";"3.6";"48";"7.3"
"tacos";"Tacos";"Other";"100";"grams";"226.0";"946";"9.0";"20.0";"13.0";"70.0";"14.0"
"tapioca-dried";"Tapioca (dried)";"Other";"100";"grams";"350.0";"1464";"0.2";"87.8";"0.0";"85.0";"74.6"
"taro";"Taro";"Other";"100";"grams";"112";"469";"1.5";"26.5";"0.2";"48";"12.7"
"tahin";"Tahin";"Other";"100";"grams";"595";"2489";"17.0";"21.0";"54.0";"40";"8.4"
"egg-powder";"Egg powder";"Other";"100";"grams";"542";"2268";"46.0";"4.5";"37.3";"60";"2.7"
"egg";"Egg";"Other";"100";"grams";"155";"649";"13.0";"1.1";"11.0";"0";"0"